{
  "project_info": {
    "project_number": "593543164525",
    "firebase_url": "https://authapp-75135.firebaseio.com",
    "project_id": "authapp-75135",
    "storage_bucket": "authapp-75135.appspot.com"
  },
  "client": [
    {
      "client_info": {
        "mobilesdk_app_id": "1:593543164525:android:0a53edb454093f778d0564",
        "android_client_info": {
          "package_name": "com.example.appauth"
        }
      },
      "oauth_client": [
        {
          "client_id": "593543164525-48hbplekha6scij9cplm5tf45o2kl4tp.apps.googleusercontent.com",
          "client_type": 1,
          "android_info": {
            "package_name": "com.example.appauth",
            "certificate_hash": "07c4e4bb557a0054c8bc1ce687eaae679a6c8a20"
          }
        },
        {
          "client_id": "593543164525-olqf0h1k0qcpp08hmonml9f2om8dtbi9.apps.googleusercontent.com",
          "client_type": 3
        }
      ],
      "api_key": [
        {
          "current_key": "AIzaSyAaPTub6oMkOXX4tr0O2EL-kvA7bkM1sgM"
        }
      ],
      "services": {
        "appinvite_service": {
          "other_platform_oauth_client": [
            {
              "client_id": "593543164525-olqf0h1k0qcpp08hmonml9f2om8dtbi9.apps.googleusercontent.com",
              "client_type": 3
            }
          ]
        }
      }
    },
    {
      "client_info": {
        "mobilesdk_app_id": "1:593543164525:android:da4f9951ffdb6b228d0564",
        "android_client_info": {
          "package_name": "com.example.authphone"
        }
      },
      "oauth_client": [
        {
          "client_id": "593543164525-lrriemnlc7e3p6tqgjobbl3vnv3iimt6.apps.googleusercontent.com",
          "client_type": 1,
          "android_info": {
            "package_name": "com.example.authphone",
            "certificate_hash": "07c4e4bb557a0054c8bc1ce687eaae679a6c8a20"
          }
        },
        {
          "client_id": "593543164525-olqf0h1k0qcpp08hmonml9f2om8dtbi9.apps.googleusercontent.com",
          "client_type": 3
        }
      ],
      "api_key": [
        {
          "current_key": "AIzaSyAaPTub6oMkOXX4tr0O2EL-kvA7bkM1sgM"
        }
      ],
      "services": {
        "appinvite_service": {
          "other_platform_oauth_client": [
            {
              "client_id": "593543164525-olqf0h1k0qcpp08hmonml9f2om8dtbi9.apps.googleusercontent.com",
              "client_type": 3
            }
          ]
        }
      }
    },
    {
      "client_info": {
        "mobilesdk_app_id": "1:593543164525:android:f293e6a80398405e8d0564",
        "android_client_info": {
          "package_name": "com.example.bottomnav"
        }
      },
      "oauth_client": [
        {
          "client_id": "593543164525-ijskccp5rf9nlbi4f5lk5pdo63lu4us5.apps.googleusercontent.com",
          "client_type": 1,
          "android_info": {
            "package_name": "com.example.bottomnav",
            "certificate_hash": "07c4e4bb557a0054c8bc1ce687eaae679a6c8a20"
          }
        },
        {
          "client_id": "593543164525-olqf0h1k0qcpp08hmonml9f2om8dtbi9.apps.googleusercontent.com",
          "client_type": 3
        }
      ],
      "api_key": [
        {
          "current_key": "AIzaSyAaPTub6oMkOXX4tr0O2EL-kvA7bkM1sgM"
        }
      ],
      "services": {
        "appinvite_service": {
          "other_platform_oauth_client": [
            {
              "client_id": "593543164525-olqf0h1k0qcpp08hmonml9f2om8dtbi9.apps.googleusercontent.com",
              "client_type": 3
            }
          ]
        }
      }
    },
    {
      "client_info": {
        "mobilesdk_app_id": "1:593543164525:android:61fb76fd680a275c8d0564",
        "android_client_info": {
          "package_name": "com.example.org_chat"
        }
      },
      "oauth_client": [
        {
          "client_id": "593543164525-thgoi0876kj2r0213spvh8evts7mhoma.apps.googleusercontent.com",
          "client_type": 1,
          "android_info": {
            "package_name": "com.example.org_chat",
            "certificate_hash": "07c4e4bb557a0054c8bc1ce687eaae679a6c8a20"
          }
        },
        {
          "client_id": "593543164525-olqf0h1k0qcpp08hmonml9f2om8dtbi9.apps.googleusercontent.com",
          "client_type": 3
        }
      ],
      "api_key": [
        {
          "current_key": "AIzaSyAaPTub6oMkOXX4tr0O2EL-kvA7bkM1sgM"
        }
      ],
      "services": {
        "appinvite_service": {
          "other_platform_oauth_client": [
            {
              "client_id": "593543164525-olqf0h1k0qcpp08hmonml9f2om8dtbi9.apps.googleusercontent.com",
              "client_type": 3
            }
          ]
        }
      }
    },
    {
      "client_info": {
        "mobilesdk_app_id": "1:593543164525:android:7afbcd866678d2918d0564",
        "android_client_info": {
          "package_name": "com.github.h01d.chatapp"
        }
      },
      "oauth_client": [
        {
          "client_id": "593543164525-q3kda44c4j7rku0t6pak8d1prkfl2rqn.apps.googleusercontent.com",
          "client_type": 1,
          "android_info": {
            "package_name": "com.github.h01d.chatapp",
            "certificate_hash": "07c4e4bb557a0054c8bc1ce687eaae679a6c8a20"
          }
        },
        {
          "client_id": "593543164525-olqf0h1k0qcpp08hmonml9f2om8dtbi9.apps.googleusercontent.com",
          "client_type": 3
        }
      ],
      "api_key": [
        {
          "current_key": "AIzaSyAaPTub6oMkOXX4tr0O2EL-kvA7bkM1sgM"
        }
      ],
      "services": {
        "appinvite_service": {
          "other_platform_oauth_client": [
            {
              "client_id": "593543164525-olqf0h1k0qcpp08hmonml9f2om8dtbi9.apps.googleusercontent.com",
              "client_type": 3
            }
          ]
        }
      }
    },
    {
      "client_info": {
        "mobilesdk_app_id": "1:593543164525:android:f5df108036c3297e8d0564",
        "android_client_info": {
          "package_name": "com.lester.phoneauth"
        }
      },
      "oauth_client": [
        {
          "client_id": "593543164525-4jt7aluti84ohon5oe0fg6g1ua9lkk3u.apps.googleusercontent.com",
          "client_type": 1,
          "android_info": {
            "package_name": "com.lester.phoneauth",
            "certificate_hash": "07c4e4bb557a0054c8bc1ce687eaae679a6c8a20"
          }
        },
        {
          "client_id": "593543164525-olqf0h1k0qcpp08hmonml9f2om8dtbi9.apps.googleusercontent.com",
          "client_type": 3
        }
      ],
      "api_key": [
        {
          "current_key": "AIzaSyAaPTub6oMkOXX4tr0O2EL-kvA7bkM1sgM"
        }
      ],
      "services": {
        "appinvite_service": {
          "other_platform_oauth_client": [
            {
              "client_id": "593543164525-olqf0h1k0qcpp08hmonml9f2om8dtbi9.apps.googleusercontent.com",
              "client_type": 3
            }
          ]
        }
      }
    },
    {
      "client_info": {
        "mobilesdk_app_id": "1:593543164525:android:361a1b765df0a0948d0564",
        "android_client_info": {
          "package_name": "govirtual360.numberverify"
        }
      },
      "oauth_client": [
        {
          "client_id": "593543164525-ql4v8ugd7gltjrs6573ps01o7ok2tuon.apps.googleusercontent.com",
          "client_type": 1,
          "android_info": {
            "package_name": "govirtual360.numberverify",
            "certificate_hash": "07c4e4bb557a0054c8bc1ce687eaae679a6c8a20"
          }
        },
        {
          "client_id": "593543164525-olqf0h1k0qcpp08hmonml9f2om8dtbi9.apps.googleusercontent.com",
          "client_type": 3
        }
      ],
      "api_key": [
        {
          "current_key": "AIzaSyAaPTub6oMkOXX4tr0O2EL-kvA7bkM1sgM"
        }
      ],
      "services": {
        "appinvite_service": {
          "other_platform_oauth_client": [
            {
              "client_id": "593543164525-olqf0h1k0qcpp08hmonml9f2om8dtbi9.apps.googleusercontent.com",
              "client_type": 3
            }
          ]
        }
      }
    },
    {
      "client_info": {
        "mobilesdk_app_id": "1:593543164525:android:66e4bfb5acc9ad6f8d0564",
        "android_client_info": {
          "package_name": "me.obydul.firebasephoneverification"
        }
      },
      "oauth_client": [
        {
          "client_id": "593543164525-9k4uja4copdlc65hm34am34o7f17fu4a.apps.googleusercontent.com",
          "client_type": 1,
          "android_info": {
            "package_name": "me.obydul.firebasephoneverification",
            "certificate_hash": "07c4e4bb557a0054c8bc1ce687eaae679a6c8a20"
          }
        },
        {
          "client_id": "593543164525-olqf0h1k0qcpp08hmonml9f2om8dtbi9.apps.googleusercontent.com",
          "client_type": 3
        }
      ],
      "api_key": [
        {
          "current_key": "AIzaSyAaPTub6oMkOXX4tr0O2EL-kvA7bkM1sgM"
        }
      ],
      "services": {
        "appinvite_service": {
          "other_platform_oauth_client": [
            {
              "client_id": "593543164525-olqf0h1k0qcpp08hmonml9f2om8dtbi9.apps.googleusercontent.com",
              "client_type": 3
            }
          ]
        }
      }
    }
  ],
  "configuration_version": "1"
}